<?xml version="1.0" encoding="UTF-8"?>
<beans xmlns="http://www.springframework.org/schema/beans"
    xmlns:xsi="http://www.w3.org/2001/XMLSchema-instance"
    xmlns:context="http://www.springframework.org/schema/context"
    xmlns:mvc="http://www.springframework.org/schema/mvc"
    xsi:schemaLocation="http://www.springframework.org/schema/beans http://www.springframework.org/schema/beans/spring-beans.xsd
        http://www.springframework.org/schema/context http://www.springframework.org/schema/context/spring-context-4.0.xsd
        http://www.springframework.org/schema/mvc http://www.springframework.org/schema/mvc/spring-mvc-4.0.xsd">     
        
        <context:component-scan base-package="com.spreadjs.*"></context:component-scan>
        <mvc:annotation-driven>
        	<mvc:message-converters>
        		<bean class="org.springframework.http.converter.StringHttpMessageConverter"></bean>
        		<bean class="org.springframework.http.converter.json.MappingJackson2HttpMessageConverter"></bean>
        	</mvc:message-converters>
        </mvc:annotation-driven>
        
        <mvc:default-servlet-handler/>
        
        <context:property-placeholder location="classpath:resources.properties" ignore-unresolvable="true"/>
        
        <mvc:resources location="/resources/" mapping="/resources/**" />
        
        <bean class="org.springframework.web.servlet.view.InternalResourceViewResolver">
            <property name="prefix" value="/WEB-INF/views/"></property>
            <property name="suffix" value = ".jsp"></property>
        </bean>
</beans>